Interest.Rate,FICO.Score,Loan.Length,Monthly.Income,Loan.Amount
15.31,670,36,4891.67,6000
19.72,670,36,3575,2000
14.27,665,36,4250,10625
21.67,670,60,14166.67,28000
21.98,665,36,6666.67,22000
17.99,665,60,4100,6500
16.82,670,60,4500,4000
12.49,660,36,3448.33,2400
17.27,670,36,2500,3200
19.13,660,36,12000,5500
21.74,660,36,3700,15650
23.91,670,60,11250,20000
17.44,660,36,7952,3000
21.49,665,60,4166.67,22250
12.98,670,36,1100,2500
15.8,665,36,3250,9000
17.27,665,36,4583.33,12000
15.31,670,36,3833.33,6000
13.12,670,36,5000,6725
17.77,665,36,2500,10000
16.29,665,36,2000,7925
15.81,670,36,2666.67,9525
19.72,665,36,4166.67,10375
18.75,670,36,5833.33,4800
13.99,660,36,5000,5750
16.32,665,36,4600,7500
16.4,660,36,4166.67,7500
23.28,660,60,7083.33,18000
17.27,660,36,3833.33,3000
21.49,670,36,12500,30000
18.25,660,36,5000,15000
17.77,665,36,3333.33,7000
14.33,665,36,5000,15000
15.23,665,36,4583.33,6000
19.05,670,36,2916.67,4375
18.49,660,36,2000,7000
19.47,665,36,5000,7000
14.09,670,36,2666.67,6000
15.8,665,36,3750,5000
17.77,665,36,2000,8325
22.47,665,36,1333.33,4750
18.67,660,60,1750,5500
24.89,665,60,4000,18000
15.31,670,36,2530,2500
19.91,660,60,5500,7200
14.33,670,36,3941.58,8000
20.77,665,60,6000,25000
14.09,665,36,2666.67,2500
16.89,670,36,2880,7550
14.09,670,36,5083.33,6000
14.59,665,36,5000,3000
16.29,665,36,3750,8000
17.27,665,36,4025.67,6000
15.27,670,36,4480,10000
17.49,665,36,2917,3200
11.54,670,36,3416.67,5000
15.8,665,36,2166.67,1200
16.29,670,36,5250,18000
15.8,670,36,5000,6000
14.12,655,36,3750,3500
12.92,665,36,3333,5000
18.67,660,60,2500,8000
17.77,665,36,3083.33,12000
20.49,660,36,6000,31075
19.72,665,36,7965,20000
15.96,665,36,4416.67,10000
20.49,660,36,3033.33,9750
14.22,670,36,8583,5000
15.31,670,36,2916.67,8325
22.47,660,60,4583.33,18000
14.65,670,36,3250,2225
19.05,660,36,5000,14000
17.77,660,36,2708.33,10850
22.95,665,36,884.9,1000
15.31,665,36,2302,8875
18.75,670,36,4500,21250
14.33,670,36,3333.33,12000
22.47,670,60,5083.33,22000
15.8,665,36,6612,5000
13.11,670,36,4166.67,6000
19.05,660,36,3333.33,8000
21,670,36,8333.33,25000
15.31,665,36,2166.67,1000
13.11,670,36,1833.33,1000
19.05,660,36,4583.33,12000
22.95,670,60,20833.33,21000
23.28,660,60,4333.33,20500
18.25,665,36,6250,10000
14.09,665,36,3833.33,5600
19.72,665,60,4750,25450
15.31,670,36,7500,6000
15.31,670,36,5000,5775
17.27,670,36,2833.33,8000
13.16,670,36,3500,1000
14.84,670,36,2500,4800
15.96,665,36,5583.33,6000
15.31,670,36,6416.67,1800
11.14,670,36,6833.33,15300
17.77,665,36,4583.33,10500
17.77,660,36,10268.25,6625
22.47,665,60,4791.67,16000
13.06,670,36,7083.33,1500
17.77,670,36,2083.33,8000
21,670,36,7702,35000
19.05,660,36,7500,5500
14.09,670,36,10625,5000
22.47,665,60,5000,25000
17.27,670,36,5833.33,8000
18.49,670,36,3166.67,7625
15.31,665,36,7083.33,5000
16.77,660,36,3750,8000
15.96,660,36,3264,6000
15.23,670,36,2916.67,4000
15.31,665,36,2500,10000
12.42,670,36,2500,6000
14.7,640,36,6500,6000
16.77,660,36,2916.67,10000
17.49,670,60,5445,12000
13.35,665,36,5000,6000
15.95,665,36,1500,2500
14.11,670,36,4167,9000
23.33,665,60,7083.33,30000
14.09,660,36,8750,10000
13.72,665,36,7758.33,8000
13.43,670,36,11500,4500
15.45,640,36,7083.33,8400
19.22,665,36,4166.67,12000
16.89,665,36,6166.67,12100
18.75,665,36,2916.67,12250
17.77,665,36,2500,10000
18.55,660,36,7968.75,13100
13.11,670,36,4166.67,18000
12.12,665,36,3333.33,18000
17.77,665,36,7500,12000
13.49,670,36,3200,1600
17.77,670,36,3416.67,12825
17.27,665,36,2500,8575
14.33,670,36,5666.67,10500
15.8,670,36,3333.33,15000
21.49,660,36,7750,20000
23.76,665,60,6250,27825
15.31,670,36,2766.67,2000
14.65,665,36,5000,4800
21.97,670,60,2833.33,16450
17.27,665,36,5833.33,2500
18.49,660,36,4166.67,8000
15.33,660,36,7500,18500
15.99,665,36,2416.67,5000
16.89,660,36,3400,2000
13.11,670,36,2583.33,3000
22.78,665,60,12500,20000
17.27,670,36,3750,2000
18.55,670,36,4833.33,17975
15.27,670,36,7083.33,12000
21.48,665,60,2833.33,16750
15.21,670,36,7083,10000
14.33,670,36,7500,24000
18.49,660,36,5000,7000
19.03,670,60,3616,14000
16.29,660,36,8750,5000
12.98,665,36,3250,5000
17.27,660,36,2752.92,6000
20.5,670,36,7301.58,25000
17.27,670,36,6000,8000
16.35,665,36,7500,17600
14.72,660,36,866.67,4750
23.76,660,60,6928.13,30000
14.27,665,36,7500,10000
13.11,670,36,3500,5450
17.27,670,36,2817.5,9750
15.33,670,36,3083.33,10500
18.49,670,36,3916.67,2500
13.75,665,36,1000,3000
11.14,670,36,6666.67,4000
17.77,665,36,4750,7000
15.31,670,36,4166.67,10000
19.91,670,60,7916.67,20000
19.74,660,60,5833.33,15000
12.84,670,36,2860,1900
18.25,660,36,1700,1200
12.12,665,36,7500,10000
15.31,670,36,4625,4400
18.75,665,36,13333.33,12000
17.27,670,36,1666.67,2000
22.47,660,60,4000,16800
17.27,660,36,2750,3000
12.69,665,36,7083,3500
20.77,670,60,4000,19750
20.49,660,36,4166.67,14400
14.96,670,36,1700,4000
17.99,660,36,5129,12000
15.31,665,36,3333.33,12000
14.72,670,36,6833,7000
24.33,670,60,11250,30000
19.05,665,36,5000,15000
23.28,660,60,4300,16250
15.31,660,36,9000,30000
19.05,670,60,13125,27575
14.65,670,36,3666.67,3800
17.27,670,36,2500,7200
23.63,660,60,11666.67,24000
19.91,670,60,4333.33,9000
17.77,665,36,2916.67,6625
14.27,670,36,2495.83,3825
22.78,660,36,8791.67,30000
15.31,670,36,6041.67,10000
16.77,670,36,8750,3600
20.49,660,60,3166.67,4200
14.61,665,36,6333.33,4200
21.74,660,60,5583.33,11200
18.49,660,36,5746,12000
14.82,655,36,6083.33,5600
17.77,670,36,4333.33,15000
20.49,660,36,4833.33,18650
16.77,670,36,12083.33,14000
17.56,670,60,5000,14400
22.47,670,60,5666.67,19200
15.31,665,36,3333.33,12000
17.77,665,36,1666.67,6000
14.17,670,36,5416.67,9600
17.77,670,36,3250,7200
17.49,670,60,2609,3200
15.96,660,36,6916.67,6000
14.82,645,36,4500,7200
17.27,665,36,2916.67,10000
15.31,665,36,9000,10000
14.27,670,36,5000,5000
19.69,665,60,3376,12000
18.25,660,36,8750,10500
21.98,660,36,4500,9500
14.59,660,36,6000,4500
22.45,665,60,1416.67,5800
14.7,645,36,5416.67,10000
15.62,670,36,7500,10000
23.76,665,60,7331.25,35000
18.49,670,36,4400,15350
19.05,660,36,5166.67,27575
15.8,670,36,5666.67,15350
13.67,670,36,4250,1800
16.29,660,36,5666.67,12000
13.67,665,36,4166.67,4950
16.29,665,36,7083.33,12000
22.47,660,60,5562.92,18000
15.8,670,36,2500,6000
16.29,660,36,4583.33,5000
15.13,645,36,11666.67,7675
13.24,660,36,4833,5000
17.58,660,36,5000,18225
13.87,670,36,4167,11000
12.12,670,36,7500,24000
16.71,660,36,5333.33,20000
16.29,670,36,2916.67,12000
13.49,670,36,3750,9425
18.39,660,36,5166.67,9600
12.61,665,36,6476,3200
24.7,660,60,10000,35000
16.29,660,36,2666.67,1600
17.99,670,36,8583.33,8000
14.61,665,36,3083.33,5000
14.33,670,36,2916.67,9450
20.25,665,60,4333.33,15175
17.77,665,36,2583.33,8500
14.27,670,36,3833,3000
15.62,660,36,6833.33,3500
18.79,660,60,4448,9250
21.48,665,60,6500,18000
11.49,670,36,4666.67,1000
18.49,660,36,6000,32350
11.14,665,36,11666.67,5600
23.76,660,60,7458.33,21000
13.99,670,36,5750,3600
17.27,665,36,5000,11000
15.31,670,36,3333.33,8500
15.31,670,36,2666.67,7000
17.27,665,36,4166.67,12000
16.29,670,36,4166.67,2000
16.29,665,36,5000,15000
17.99,660,36,7750,8000
17.27,665,36,1833.33,8000
15.31,660,36,11833.33,6000
21.14,660,60,9166.67,24000
20.99,670,60,9051.83,18000
12.69,670,36,1800,5500
16.29,660,36,2666.67,5400
19.99,660,36,2500,4800
15.27,660,36,2500,5300
23.76,665,60,5416.67,16000
12.86,670,36,2824,3200
17.99,665,36,7415.83,16000
15.8,665,60,7500,24000
14.96,670,36,3750,10000
18.55,665,36,3000,14100
13.87,640,36,3333.33,2200
15.81,665,36,18333.33,3500
17.99,670,36,3666.67,12000
18.49,665,36,5166.67,14400
19.99,660,36,5500,20000
13.11,660,36,4208.33,7750
19.91,660,60,3000,12000
16.29,665,36,4183.33,6000
17.15,670,36,18483,24000
14.33,670,36,2750,9600
16.29,665,36,5250,8000
21.98,665,60,3466.67,16000
13.75,640,36,588.5,3000
14.65,670,36,5130.42,2500
16.29,660,36,14166.67,35000
13.99,670,36,3206.67,9600
15.31,660,36,1916.67,5000
15.81,665,36,3000,1000
22.47,670,60,7000,20000
17.27,660,36,2083.33,4200
19.69,665,60,2666.67,13500
14.65,665,36,2500,9000
23.83,660,60,13666.67,23300
13.99,670,36,7583.33,2000
13.3,660,36,10000,10000
13.24,655,36,6290,3600
14.07,670,36,11250,22350
13.11,660,36,9166.67,10000
12.92,660,36,2500,5600
14.35,665,36,3600,2000
15.95,665,60,4500,8000
16.82,660,60,4008.33,4800
18.55,670,36,5416.67,10000
17.93,670,60,12500,15000
14.33,670,36,2500,10500
17.77,670,36,4333.33,12000
14.22,670,36,3010,7000
15.8,665,36,3833.33,1200
15.05,660,36,3466.67,3000
15.31,670,36,7750,12000
16.29,670,36,3119.92,9750
22.95,670,60,5000,23850
19.22,670,36,6800,23500
24.2,665,60,4583.33,24000
15.8,670,36,5416.67,5500
21,660,36,5125,19500
15.31,665,36,2518.67,9750
17.27,660,36,5416.67,12000
16.29,665,36,1733.33,5000
17.27,660,36,2666.67,6075
17.27,670,36,3000,15000
14.65,665,36,4000,4000
21.49,665,36,6000,20000
22.95,665,60,5833.33,31300
17.49,665,36,4416.67,6000
19.99,660,36,3348,7500
17.54,655,36,2916.67,6250
18.49,670,36,3000,14125
19.05,660,36,7116.25,3000
17.93,670,60,6500,12000
15.31,665,36,1940,6200
14.09,670,36,10416.67,10000
13.11,665,36,4833.33,12000
13.11,665,36,4583.33,8000
17.56,660,60,4416.67,6000
19.69,665,60,2916.67,13750
17.58,665,36,1800,5000
12.12,670,36,6083.33,10000
14.65,670,36,14333.33,6000
20.49,665,36,5166.67,24575
14.33,670,36,7916.67,10000
18.64,670,60,4250,6200
17.99,665,36,6916.67,18000
21.98,665,60,2866.5,12000
13.99,665,36,10000,6000
18.49,665,36,11250,10000
16.29,670,36,5166.67,9600
14.09,665,36,3895,3625
14.33,670,36,4666.67,10000
17.27,660,36,8666.67,22000
21.27,670,36,12500,25000
19.72,665,36,5083.33,13200
15.05,660,36,7416.67,12250
21.98,670,60,6416.67,20000
17.27,665,36,1750,8000
23.83,660,60,7666.67,33600
17.49,670,60,2400,5000
16.82,665,36,6250,16000
18.25,660,36,4820,3000
20.3,665,60,4916.67,20000
22.47,660,60,9583.33,35000
19.99,660,36,4458.33,12000
18.49,660,36,2666.67,9750
13.43,670,36,1750,4000
19.69,665,60,5340.25,9800
18.29,640,36,3000,5100
18.49,660,36,2916.67,3000
13.3,660,36,3000,12000
22.11,660,60,7000,17800
13.11,670,36,2916.67,2000
17.77,670,36,4583.33,9000
14.33,670,36,3333.33,8400
18.25,660,60,5600,12000
15.27,670,36,2516.67,12000
23.76,660,60,6266.67,20000
17.77,665,36,3333.33,12000
17.14,660,60,2500,6000
23.28,660,60,6000,19400
17.77,660,36,1500,5175
14.33,665,36,1666.67,4000
14.22,665,36,9166.67,3000
15.8,670,36,5000,10000
21.49,670,60,5000,16000
20.49,670,60,5166.67,7200
16.29,670,36,4250,8000
13.99,670,36,6458.33,10000
19.72,665,36,2916.67,10000
17.77,660,36,2633.33,10625
14.11,670,36,3750,12000
17.27,660,36,3500,10000
20.49,660,36,3980.33,12000
15.81,670,36,5541.67,10000
15.05,665,36,2000,1600
16.29,665,36,3666.67,3600
NA,670,36,4500,4800
13.11,670,36,3459,1600
13.99,670,36,7500,8000
12.92,670,36,3750,2500
20.49,660,36,NA,7750
18.49,665,36,1084,2875
16.02,660,36,4246.67,1800
14.61,665,36,5116.67,5500
19.41,660,36,18333.33,14725
18.25,665,36,5078.75,15000
14.33,670,36,6250,8000
22.45,660,60,3666.67,20000
15.27,670,36,4500,9000
19.72,665,36,7000,3600
19.03,660,60,6550,12250
13.93,660,36,6000,5000
24.89,660,36,10737.5,24000
15.96,660,36,8166.67,5000
18.55,660,36,5653.67,16000
18.49,670,36,5000,8000
22.78,665,60,5666.67,20000
17.77,670,36,3500,15000
14.09,665,36,7333.33,9700
18.49,660,36,2083.33,8450
17.77,670,36,6000,15000
19.05,660,36,3833.33,14575
17.27,665,36,3750,4000
14.59,660,36,4073,3000
22.95,665,60,10416.67,20950
16,665,36,2000,2000
22.47,670,60,4333.33,22750
22.95,665,60,6750,20000
15.13,650,36,3833,7000
18.75,660,36,8333.33,7200
17.27,665,36,2464.37,7000
19.99,660,36,8000,15000
18.75,670,36,5166.67,19075
13.79,670,36,3875,9000
14.33,685,36,3150,14675
14.42,675,36,2964.17,8000
15.31,675,36,2916.67,8000
21,685,60,5833.33,23850
12.12,685,36,10583.33,14000
15.8,685,60,5250,16000
13.55,675,36,3666.67,17350
17.27,675,36,5166.67,9000
17.8,680,60,3000,7325
14.33,680,36,4166.67,13500
13.11,685,36,3650,7000
16.29,685,36,9166.67,20000
17.77,680,36,6399,23675
14.09,675,36,4583.33,10000
13.11,685,36,3333.33,6000
14.35,675,36,2500,6000
14.96,675,36,5250,10000
14.09,675,36,5000,10000
15.21,680,36,5132,15000
14.65,675,36,9583.33,10800
15.7,675,36,9333.33,16000
14.07,675,36,10000,24625
14.09,680,36,5416.67,5000
13.49,685,36,5000,8000
16.29,680,36,2916.67,7750
13.11,685,36,2500,10000
12.12,685,36,5000,10000
21.28,680,60,7916.67,35000
16.89,675,60,7500,12000
19.05,675,36,6000,15000
14.83,685,60,4186,12000
14.09,675,36,25000,8000
13.11,680,36,6083.33,16000
15.31,685,36,6666.67,16450
13.67,680,36,2083.33,12375
10.16,685,36,6666.67,18000
16.29,680,36,5833.33,20000
11.03,685,36,3750,7500
14.35,675,36,4000,8000
20.5,680,60,8083.33,21000
17.77,685,36,6625,23000
18.75,675,60,5002.33,8000
11.71,685,36,3100,6000
17.27,675,36,6750,35000
15.31,680,36,3750,10000
14.33,685,36,4800,9950
13.11,685,36,5833.33,6000
11.14,685,36,7750,3000
11.71,680,36,4166.67,6400
14.09,685,36,6000,10000
10.46,680,36,4350,3000
19.05,685,60,4583.33,17475
22.78,675,60,6125,28000
17.04,685,36,4000,7500
12.61,675,36,12833.33,9200
15.8,675,36,4583.33,8000
12.12,675,36,6800,5000
17.77,675,36,3333.33,15500
18.17,685,60,10000,20000
16.77,685,60,2500,14750
14.09,685,36,5416.67,5375
15.31,680,36,6416.67,12000
19.72,680,60,3200,3600
12.29,685,36,8750,7500
16.29,680,36,3833.33,7000
13.11,685,36,1000,6000
13.11,680,36,9666.67,12000
10.37,675,36,4416.67,7200
14.65,675,36,3666.67,16000
14.33,685,36,3500,8000
13.11,685,36,5416.67,4000
15.31,675,36,5000,9000
14.65,680,36,8333.33,10000
14.09,685,36,3750,15475
15.31,685,36,3166.67,9600
14.11,675,36,4166.67,7000
13.11,685,36,3416.67,12000
14.33,680,36,3500,14500
16.63,680,36,8000,25000
11.99,680,36,3417,10000
11.71,685,36,3820.27,11000
10.16,675,36,7666.67,15000
17.43,675,60,4583.33,16000
19.72,675,60,5166.67,24625
15.27,680,36,4166.67,14475
17.77,680,36,4166.67,10000
16.32,685,60,2290,10000
14.09,675,36,5000,13000
12.12,680,36,2555.16,2100
12.12,685,36,7666.67,12000
15.8,675,36,3333.33,7200
12.12,680,36,8000,6000
16.29,675,60,4166.67,22000
15.21,680,60,6833.33,5000
8.9,680,36,12083.33,20000
13.99,685,36,2629,10000
18.62,685,60,5000,24250
12.69,675,36,14166.67,8700
14.18,685,36,4583.33,14400
11.14,685,36,3333.33,5000
17.14,680,36,1658,10000
13.11,685,36,5416.67,6000
12.99,685,36,5000,18500
16.77,675,36,7916.67,15000
19.72,680,60,4000,18625
15.81,680,36,5000,20000
13.49,685,36,4250,9600
13.11,680,36,7500,10000
20.53,675,60,8000,25000
16.07,685,36,3937.08,5500
12.53,685,36,2916.67,6000
10.65,685,36,2333.33,4000
17.99,675,36,5319.17,15000
18.75,680,60,1560,4800
13.98,675,36,6250,6000
10.37,675,36,3166.67,2400
11.71,675,36,3333.33,4500
14.09,680,36,4250,6000
13.11,675,36,5416.67,10000
19.03,680,60,4497,24500
10.74,685,36,4583.33,6950
19.22,680,60,3700,4000
14.65,685,36,4000,23500
16.29,675,60,7800,24000
18.49,675,36,10000,19500
14.33,685,60,12916.67,18000
14.09,675,36,6833.33,25000
13.67,675,36,7083.33,9175
15.31,680,36,4000,14075
14.33,680,36,4583.33,19400
13.11,675,36,4166.67,8000
12.69,680,36,1666.67,5500
21,685,60,6500,24000
14.33,675,36,1541.67,5500
13.11,680,36,7500,10000
14.09,685,36,6666.67,6100
15.31,680,36,5000,14000
21.49,675,60,4170,19600
17.9,675,36,4166.67,6000
15.31,680,36,8333.33,30000
14.11,675,36,1558.42,4200
21.98,680,36,4333.33,3800
14.09,680,36,4000,6000
19.05,685,60,8416.67,21000
13.49,680,36,5416.67,2500
14.65,680,36,8750,14000
16.29,680,36,4166.67,19600
17.27,680,60,7833.33,27575
16.77,685,60,3500,12000
15.31,685,36,5416.67,25000
15.31,680,36,6666.67,35000
15.37,675,36,5000,7500
23.28,675,60,5833.33,21850
15.68,680,36,2500,15000
11.03,680,36,3166.67,5000
13.11,675,36,3333.33,17625
13.11,685,36,3666.67,7150
14.33,675,36,4500,15000
15.2,675,60,6750,11200
15.31,680,36,5833.33,13225
19.05,675,36,3750,10000
13.11,680,36,13166.67,12000
14.09,685,36,4166.67,7100
13.99,675,36,1200,1700
17.99,675,36,3083.33,18225
12.12,675,36,5000,6000
15.8,675,36,1666.67,6000
12.73,675,36,5000,3250
19.72,685,60,10416.67,30000
18.64,675,60,4000,4000
11.14,685,36,7000,8000
12.12,680,36,3500,6500
12.12,685,36,3333.33,9250
13.49,675,36,1200,1875
12.61,675,36,1930.75,2500
14.22,680,36,2541.67,10000
14.33,675,36,7266.67,10050
22.95,685,60,7500,30000
15.05,675,36,5166.67,9000
18.25,685,60,2916.67,8800
15.96,680,36,5166.67,19750
12.42,685,36,7083.33,7000
14.33,675,36,3333.33,5600
12.12,685,36,7083.33,12000
14.09,680,36,2250,10000
11.97,685,36,2500,5000
16.49,680,36,6294.25,15000
15.8,675,36,3166.67,7000
23.28,675,60,8333.33,35000
24.7,675,60,9166.67,21000
14.74,675,36,5250,11050
14.33,685,36,8000,12000
19.22,675,60,4666.67,18000
11.97,680,36,15000,15600
12.12,680,36,3208.33,7200
12.12,685,36,5416.67,13600
17.77,680,36,2500,10000
14.17,680,36,3458,2800
11.59,680,36,7083.33,4800
12.12,680,36,6333.33,3000
17.56,680,36,5833.33,12000
13.11,680,36,3466.67,9000
13.16,680,36,3583.33,10000
15.8,675,36,10000,12000
14.27,675,36,4083.33,10000
12.12,675,36,5166.67,7000
22.95,680,60,5083.33,30075
18.49,675,36,4500,21200
21.49,685,36,3583.33,1500
18.75,675,36,8333.33,20000
11.36,685,36,2750,4200
15.96,680,36,8833.33,15000
17.27,675,36,4333.33,16550
14.09,675,36,3500,8000
15.99,675,36,4583,15000
19.22,680,60,6000,21000
12.12,685,36,3833.33,10000
17.99,685,60,4300,10000
19.72,675,60,5416.67,20000
13.67,675,36,3000,7900
18.64,675,60,5651.33,13600
18.39,675,36,8125,5000
14.46,680,60,5500,9600
13.85,675,36,4600,8100
16.32,685,60,14000,15000
13.11,685,36,4583.33,14550
14.33,675,36,2916.67,5000
15.31,675,60,6666.67,19800
15.31,685,36,5000,3500
12.12,685,36,2583.33,3900
19.22,680,60,3416.67,16000
15.99,675,36,8583.33,15000
13.99,675,36,4166.25,7400
14.09,680,36,4789.33,3000
14.27,675,36,5833.33,9000
15.31,675,36,1750,5000
15.8,680,36,2860,11625
12.69,685,36,7916.67,8000
19.03,685,36,1600,4000
16.29,685,36,6916.67,8000
18.75,680,36,5666.67,16750
17.77,685,36,7166.67,10000
15.99,675,36,4583.33,4800
12.12,685,36,3333.33,6000
14.09,675,36,3250,13000
14.09,685,36,4166.67,6900
20.49,685,60,10416.67,35000
16.45,680,60,5500,16000
11.11,680,36,2253,6500
15.31,680,36,5500,12000
18.49,675,36,5636.75,7125
21.67,675,60,20833.33,35000
19.05,685,36,9166.67,30000
14.91,675,36,5222,16300
15.31,675,36,6000,9600
11.71,685,36,4333.33,10000
22.47,685,60,7000,27925
16.29,680,36,5416.67,16000
15.31,680,36,3333.33,13200
15.31,675,36,5583.33,10000
19.72,680,60,4500,19000
13.11,685,36,4229.17,9000
13.11,685,36,6666.67,6775
15.23,675,36,2500,2200
14.33,675,60,6666.67,16800
18.49,675,36,4166.67,19125
18.25,680,60,3084,6650
12.84,680,36,3521,8000
15.65,680,36,5833.33,4575
13.49,680,36,6250,12000
15.8,675,36,4541.67,8575
13.67,675,36,4666.67,11000
14.35,680,36,2508.33,7800
19.22,680,60,6916.67,20800
14.27,680,36,4166.67,8400
18.49,675,36,13583.33,20000
12.12,685,36,4750,9600
15.31,680,36,7333.33,14000
13.48,680,36,6307.42,10000
15.8,685,36,2176.67,6000
13.49,680,36,5624,7050
15.31,675,36,5416.67,10000
13.11,685,36,4625,10000
13.11,680,36,8744.26,10000
9.99,685,36,4980,6000
13.06,680,36,6500,4200
14.09,685,36,2083.33,12500
13.11,685,36,5833.33,7000
14.65,685,36,5416.67,9500
10.28,685,36,15000,3500
15.33,675,36,6416.67,8000
14.65,685,36,2083.33,2000
15.27,680,36,15416.67,15000
15.95,685,36,7983.33,25000
11.99,680,36,6250,2500
12.12,680,36,5083.33,1550
16.4,675,36,6666.67,16800
11.66,685,36,4133.33,10000
16.49,685,60,4000,12000
14.65,675,36,8083.33,10000
16.32,680,60,5000,12000
19.42,685,60,10813.17,28000
21.98,675,60,5000,20000
15.31,680,36,3083.33,8000
11.71,680,36,6041.67,4200
14.27,680,36,2750,1400
15.31,675,36,3333.33,12000
11.49,685,36,5555.08,1500
17.14,680,60,3000,5000
13.11,680,36,3666.67,13600
19.05,685,36,5416.67,18000
12.12,680,36,4800,4800
13.11,680,36,3166.67,10000
15.31,685,36,12208.33,7000
14.65,685,36,8333.33,12000
10.59,685,36,2083.33,10000
12.12,685,36,5583.33,10550
14.33,685,36,2500,10050
14.09,675,36,3333.33,10000
15.31,675,36,4750,2200
13.11,680,36,5500,14000
15.8,675,36,4583.33,10000
20.5,675,36,9250,19500
21.49,680,60,6250,25000
13.57,680,36,10833.33,4550
14.46,685,36,5166.67,18000
14.09,675,36,3750,10000
14.09,680,36,3750,10000
13.11,685,36,4325,7000
16.82,685,60,4721,4000
16.89,675,36,2750,2000
16.77,685,60,4166.67,12800
19.91,680,36,6000,10000
17.27,680,60,4583.33,21000
15.8,680,60,5416.67,16000
21.97,685,60,7833.33,35000
13.11,680,36,3750,2000
12.12,685,36,1833.33,5000
14.65,680,36,10000,12800
14.09,685,36,3333.33,13450
14.33,675,36,4333.33,2000
13.92,680,36,2773.33,11200
21.98,680,60,10166.67,28000
12.12,680,36,4166.67,7200
18.49,675,36,8937.5,20125
18.79,680,60,4400,21850
14.09,680,36,4248.33,6250
14.96,685,36,3416.67,10000
13.67,675,36,2000,12000
13.49,680,36,7500,6000
13.11,685,36,2000,4000
18.49,675,36,4166.67,7000
12.42,680,36,2916.67,12000
19.03,680,60,5000.67,25475
14.33,675,36,3333.33,4000
11.03,685,36,5666.67,9000
17.27,675,60,6250,24000
14.26,685,36,5833.33,14400
12.42,675,36,2518.75,2000
18.49,685,36,6666.67,20000
22.47,675,60,10104.17,24000
13.11,680,36,5000,7800
15.27,680,36,6666.67,15000
13.11,680,36,2600,1950
14.09,675,36,4166.67,8000
15.8,680,36,2708.33,6800
15.31,680,36,2666.67,11100
10.36,680,36,5833.33,2250
14.27,675,36,5184.75,6000
12.12,675,36,1250,4500
15.8,675,36,2666.67,11200
13.11,680,36,5000,14400
13.06,685,36,3750,15000
17.19,675,60,13625,6000
14.33,675,36,2916.67,4950
14.83,675,60,4833.33,8000
16.89,680,60,2400,6000
13.79,680,36,6074.17,16400
13.49,675,36,4416.67,12375
14.09,680,36,3513.33,2000
15.31,675,36,3176,1000
13.11,685,36,3500,10000
13.99,680,36,4166.67,10000
13.23,685,36,9367,6000
12.12,675,36,1312.08,6000
15.31,675,60,11250,16000
14.33,685,36,7083.33,9000
13.49,680,36,6000,10000
13.11,685,36,4416.67,10750
14.83,680,36,5600,4000
13.99,680,36,4500,8600
14.09,675,36,2783.33,11350
17.27,685,60,8750,6000
12.12,680,36,2250,4000
8.9,685,36,6666.67,6000
20.49,675,60,3750,18000
21.49,675,60,4500,20950
12.12,685,36,6750,20000
13.11,675,36,4333.33,13025
18.49,675,36,9333.33,18000
11.14,685,36,2916.67,4500
17.27,675,36,4666.67,4500
20.49,685,36,5250,10000
15.8,675,36,4458.33,10000
14.65,675,36,5833.33,9600
21,680,60,4583.33,18825
19.22,675,60,3629.58,21725
15.31,675,36,2833.33,9950
14.33,680,36,7500,15000
17.77,685,36,3333.33,12700
13.67,680,36,1666.67,5400
11.71,675,36,1650,3750
13.67,685,36,2791.67,8000
13.99,680,36,5833.33,4800
14.09,675,36,6166.67,12000
21,685,60,4166.67,17500
12.12,680,36,5416.67,4825
18.25,675,60,4833.33,18750
15.31,675,36,4166.67,5000
13.17,675,36,8750,7500
16.82,680,60,4417,10000
11.71,685,36,6932.92,13000
13.99,680,36,5000,5200
15.81,675,36,3750,9000
20.49,685,60,5833.33,24000
17.99,675,60,3916.67,12000
15.31,675,36,4416.67,12000
15.31,680,36,2291.67,8875
17.51,680,36,7916.67,14000
14.33,675,36,1750,6250
12.12,680,36,3333.33,6000
14.33,680,36,2479.17,10375
15.31,680,36,3750,10000
17.77,675,36,4333.33,7000
12.12,680,36,4500,17475
14.27,680,36,7166.67,10000
16.83,680,36,5000,8500
12.12,675,36,4333.33,3500
17.77,675,36,4575.08,12000
19.03,680,60,5416.67,24000
12.12,675,36,6250,5000
22.47,675,36,6200,10000
14.11,680,36,4583,10000
21,675,60,4473.33,14775
20.52,675,36,2500,8000
13.11,685,36,3083.33,12300
14.33,675,36,3333.33,4375
19.04,680,60,5250,15000
18.64,680,60,6250,20000
13.85,685,36,6750,16000
13.67,685,36,3544.67,19000
22.45,685,60,5500,17300
14.09,675,36,4583.33,10000
14.09,675,36,8583.33,4000
15.8,680,60,4833.33,16200
14.33,675,36,3416.67,15875
15.81,685,36,3833.33,17000
23.28,675,60,7083.33,30000
14.65,685,36,6666.67,24000
13.99,680,36,2166.67,10000
12.42,675,36,3500,6000
21.98,690,60,11500,35000
9.99,695,36,3833.33,10000
11.71,695,36,3195,12000
17.14,705,60,13863.42,33500
12.12,695,36,9000,10000
19.05,695,60,6250,30000
11.99,695,36,6833.33,17400
7.9,705,36,5416.67,7200
12.12,705,36,4500,14000
17.27,700,60,9250,32000
14.33,690,36,5166.67,27575
11.49,705,36,2708.33,12000
18.25,705,60,2916.67,15000
14.09,695,36,5000,8000
19.03,695,60,7500,24000
10.83,700,36,2427,1600
12.12,690,36,5833.33,12000
16.49,695,36,6000,25000
13.11,700,36,4666.67,6400
7.9,705,36,4000,5000
21.48,690,60,4250,23850
14.09,690,36,2916.67,10000
15.8,690,36,12916.67,20950
19.05,700,60,6250,25000
11.14,690,36,3750,7200
19.72,695,60,4916.67,25000
14.33,700,36,6250,20000
10.74,695,36,2900,4000
15.99,700,60,4250,5500
13.11,700,36,3150.25,8800
11.14,705,36,6000,7000
14.33,705,36,2833.33,11625
16.69,705,60,7666.67,25000
10.91,690,36,3892.75,12375
11.48,705,36,5031.67,6000
10.16,695,36,2083.33,2800
8.9,700,36,2166.67,4500
11.14,700,36,2750,11500
14.33,700,36,7500,17000
7.9,695,36,8416.67,16000
12.69,695,36,6666.67,10000
10.16,700,36,6250,5000
15.8,700,60,5416.67,22000
13.98,700,36,9166.67,17000
12.12,690,36,6583.33,12300
13.11,690,36,2666.67,4800
8.9,700,36,2254,4200
14.09,690,36,6583.33,22250
10.16,705,36,6000,9000
12.12,690,36,3750,5825
18.49,700,60,8833.33,21000
16.29,695,36,5250,24575
10.16,705,36,NA,4825
15.57,700,60,5291.67,8000
17.77,695,36,7666.67,29000
15.31,690,36,5250,20000
10.16,695,36,4341.67,7000
16.49,705,60,5416.67,10000
13.06,690,36,7916.67,11000
17.49,705,60,5000,24000
19.99,690,60,8333.33,24000
14.09,690,36,3500,8000
19.05,695,60,3726.67,10000
7.9,705,36,1916.67,5600
14.27,705,36,9000,25000
19.72,700,60,5666.67,25000
12.12,690,36,3113.83,10000
11.11,690,36,2080,1675
10.99,690,36,2000,5000
18.25,690,60,3333.33,19125
13.11,695,60,7916.67,16000
22.78,690,60,6041.67,30000
14.09,690,36,3333.33,10350
13.11,700,36,3010,5900
13.11,705,36,2500,9950
16.7,690,36,3000,5000
19.42,705,60,7400,18400
14.11,700,36,3583,7200
12.12,690,36,3166.67,8000
13.11,690,36,3750,6000
10.65,700,36,3333.33,7000
14.33,690,36,2500,10050
8.9,700,36,5000,4025
12.12,705,36,2519.17,9500
15.96,695,60,2917,8250
22.47,690,60,7916.67,30000
15.81,700,60,6583.33,10075
13.11,700,36,5166.67,9050
10.16,700,36,3333.33,17500
15.8,690,36,2500,8500
9.91,705,36,12500,12000
16.49,690,60,2916.67,15250
12.68,695,36,3500,5000
13.85,705,36,3000,15000
18.75,695,60,9583.33,21000
12.42,705,36,3500,10000
7.9,705,36,7233.33,24000
15.21,700,60,5416.67,15000
18.49,700,60,16416.67,21000
13.11,700,36,3541.67,8000
13.67,690,36,5113,3600
15.31,695,36,5924.5,16000
17.49,695,60,3333.33,15000
19.05,690,60,5833.33,25000
12.12,690,36,3333.33,10400
14.84,705,36,7250,25000
11.97,705,36,7501,20000
13.11,690,36,4166.67,21850
12.21,700,36,7667,10000
12.12,700,36,5416.67,15000
13.49,690,36,2870.33,5600
NA,690,36,NA,14000
12.29,700,36,3100,14700
16.29,705,60,7166.67,18225
7.66,700,36,6500,4600
14.09,695,36,8666.67,12000
10.16,705,36,3750,3200
22.11,690,60,1471,3000
14.09,690,36,4000,18000
10.59,695,36,3000,4200
NA,690,36,3916.67,12500
12.12,690,36,3083.33,10000
9.76,695,36,2108.33,3600
18.75,690,36,3033.33,14075
10.16,700,36,5000,15000
14.33,700,36,5500,15000
12.12,690,36,5000,5950
10.99,700,36,5833.33,10000
13.11,700,36,2166.67,8875
10.74,705,36,2000,2400
19.05,690,60,7500,18000
13.11,690,36,2625,6000
11.14,700,36,2916.67,11500
12.42,705,36,16666.67,25000
12.53,705,36,8750,15000
11.12,705,36,6833.33,2000
12.12,700,36,5000,10000
16.29,690,60,5416.67,5000
10.74,700,36,6833.33,14400
15.31,695,36,2833.33,11625
17.27,695,60,3333.33,9600
10,700,36,3250,2800
12.12,690,36,4666.67,9450
12.12,695,36,6250,10000
10.16,705,36,4583.33,8525
14.33,690,36,2750,5000
18.25,695,60,3750,4800
13.48,690,36,8333.33,18000
10.99,695,36,6666.67,11000
17.27,695,60,7000,16000
15.58,700,60,5427.42,16000
17.58,690,36,13333.33,35000
13.11,700,36,5988.67,14500
9.91,705,36,3666.67,10000
19.05,690,60,9166.67,35000
7.9,705,36,1750,6000
18.25,690,36,8583.33,27000
15.58,695,36,5000,7500
12.12,695,36,3355.05,7350
18.49,695,60,4104.67,10000
14.72,695,36,9519.75,17500
12.53,700,36,3500,11000
11.14,705,36,10833.33,12000
13.11,690,36,5083.33,17000
16.77,690,36,2700,2400
12.53,705,36,3108.33,5000
13.11,690,36,9000,15000
8.9,700,36,1000,3000
7.9,705,36,4116.67,6000
17.27,705,60,3750,17325
11.71,700,36,3730,3300
13.47,700,36,4458.33,15000
13.99,700,60,8833.33,13500
19.69,705,60,3666.67,17200
13.67,690,36,3333.33,15000
11.86,705,36,5000,15000
11.12,700,36,5416.67,3800
8.9,700,36,3250,2800
11.14,700,36,2666.67,8000
11.49,690,36,4900,3000
13.47,690,36,6666.67,10000
16.89,700,60,4000,20000
13.67,695,36,2500,14825
12.68,690,36,2500,10000
11.14,700,36,3333.33,4000
14.59,705,36,8750,25000
12.12,700,36,4850,18225
16.89,695,60,3083,6000
8.9,705,36,6666.67,5000
15.28,700,60,3006.44,16000
12.12,705,36,6250,14000
13.11,695,36,6166.67,10400
18.75,695,60,10250,21000
11.83,705,36,6333.33,6000
14.33,690,36,1000,2100
14.59,690,36,5416.67,16000
11.11,700,36,18750,21000
12.12,705,36,5000,15000
15.31,695,60,8500,30000
9.99,695,36,5316.67,5000
13.47,690,36,4583,10000
13.61,695,60,2700,6000
16.32,700,60,4333.33,19000
11.89,695,36,3583.33,5500
10.74,700,36,5833.33,10000
15.95,705,60,6000,9500
12.12,700,36,4500,24000
10.36,690,36,5000,7000
11.71,705,60,3500,4000
13.11,695,36,6250,10000
12.12,700,36,2750,9450
10.99,700,36,4583.33,11750
14.09,695,36,7916.67,13000
14.33,700,36,9166.67,15000
15.23,705,60,7083.33,12000
12.12,690,36,3833.33,12000
16.29,695,36,3333.33,16000
16.32,695,36,10000,10000
21.49,705,60,12500,30000
11.14,690,36,8750,15000
13.11,695,36,14166.67,20000
16.29,695,36,9166.67,21725
19.72,690,60,13333.33,35000
15.96,695,60,5300,12500
12.12,705,36,6666.67,18000
11.89,695,36,4166.67,6000
12.12,705,36,4166.67,8000
20.3,695,60,20000,33600
15.31,695,36,7666.67,16000
10.36,690,36,10333.33,12000
15.31,690,36,6000,16000
21.48,695,60,6666.67,12200
12.99,690,36,5000,1500
11.71,695,36,3746.58,10000
13.16,700,36,3041.67,7000
13.11,700,36,4166.67,15000
11.71,705,36,5416.67,15000
12.12,690,36,5416.67,12000
20.5,705,60,7083.33,30000
11.12,705,36,5750,6000
14.65,695,60,3333,4800
17.27,695,60,4666.67,16000
13.49,695,36,4166.67,10000
9.25,700,36,7000,4200
17.49,695,36,2083.33,8000
9.76,705,36,5333.33,8500
13.99,695,36,11500,24375
10.74,700,36,4000,9550
20.5,690,60,5077.58,25000
12.87,690,36,6333,3600
11.11,700,36,6083.33,10000
9.76,705,36,4166.67,4000
14.09,695,36,9166.67,14000
14.33,690,36,3108,8000
13.11,705,36,10416.67,24375
12.12,695,36,3640,10000
13.11,695,36,7916.67,21000
11.71,705,36,3791.67,13200
14.65,705,60,3912,22000
14.09,700,36,3750,10000
14.27,695,36,5208.33,5000
12.12,695,36,3916.67,7000
12.12,695,36,3625,1500
18.49,705,36,11000,35000
18.25,695,60,6666.67,20000
15.01,695,36,15416.67,25000
14.65,690,36,3666.67,15000
11.14,695,36,5000,11000
10.74,700,36,2500,10000
11.14,705,60,8000,24000
15.95,700,60,6666.67,20000
13.11,695,36,4166.67,15000
20.5,695,60,4833.33,28200
13.49,705,36,6666.67,15000
8.9,705,36,4583.33,4000
15.99,690,60,3500,6400
13.11,695,36,4583.33,12000
12.12,690,36,4333.33,6000
13.49,700,36,6666.67,2200
7.9,705,36,5583.33,3000
21.49,700,60,13999.17,30000
12.12,695,36,5833.33,10800
14.09,690,36,3333.33,16000
13.99,705,36,3500,15000
19.05,690,36,18750,35000
11.71,700,36,6250,15000
12.42,705,36,5833.33,10200
18.49,700,60,4166.67,19125
12.12,700,36,4166.67,16000
12.12,695,36,3333.33,3600
15.62,695,36,6250,28000
15.58,690,60,12083.33,15200
6,695,60,6250,6400
14.33,695,36,3833.33,13200
11.49,705,36,7300,12000
18.55,700,36,6666.67,28000
17.27,705,60,5025,27050
15.81,695,36,7083.33,23000
12.69,705,36,1200,3000
12.68,690,60,4416.67,5000
14.09,700,36,5416.67,10000
10.74,705,36,2916.67,7750
12.12,695,36,5416.67,3500
13.11,695,36,4166.67,15000
11.14,705,36,3833.33,9600
14.09,700,36,6083.33,25000
14.33,690,36,3358.33,13000
13.48,700,36,4166.67,16000
12.12,690,36,5833.33,10000
11.14,690,36,1916.67,6625
10.99,700,36,7583,8400
10.16,695,36,3500,4750
12.84,695,36,6000,7800
10.62,705,36,5000,6000
12.12,705,36,5666.67,13475
9.76,705,36,5833.33,9000
18.75,695,60,15416.67,20000
16.29,700,36,10416.67,14075
14.09,695,36,3333.33,9325
15.8,690,36,3000,3700
21.97,690,60,14166.67,35000
12.12,695,36,4375,10000
12.98,700,36,3600,16000
14.09,690,36,3000,13750
16.32,705,60,7083.33,25000
15.8,700,60,4708.33,24375
12.12,695,36,4250,13800
11.49,695,36,5083.33,17000
10.59,695,36,11666.67,3725
9.76,705,36,4583.33,10000
15.31,705,60,3617.21,19000
10.16,695,36,8791.67,12000
16.07,700,36,3166.67,6525
12.98,705,36,4333.33,17000
10.65,700,36,3333.33,13250
9.76,705,36,4166.67,13000
12.12,700,36,4166.67,20000
12.12,695,36,3250,10000
12.53,690,36,6667,11000
14.33,700,36,2750,10000
18.64,690,60,5166.67,23000
12.23,705,60,9417,4000
9.76,695,36,4583.33,5000
13.22,690,36,3166.67,2500
12.73,700,36,6691.67,15000
11.71,700,36,3540,18000
15.8,700,36,4583.33,5000
10.37,705,36,2000,2500
16.32,695,60,6500,15400
10.74,705,36,2000,3000
14.09,705,36,6250,14500
19.05,690,60,5083.33,27050
8.9,700,36,9000,15500
15.8,690,36,10000,21850
8.9,705,36,2333.33,2400
19.42,705,60,8333.33,30100
13.67,700,36,4833.33,7500
12.12,695,36,5000,10000
15.31,695,36,5147.17,21700
20.49,690,60,5000,26500
13.11,695,36,5000,15000
14.33,695,36,5833.33,4800
15.31,695,36,7500,35000
13.11,700,36,5416.67,10000
12.12,705,36,4333.33,20500
18.79,690,60,6750,21000
18.25,705,60,5000,17900
12.68,700,60,11583.33,8000
13.43,690,36,6750,9000
11.14,705,36,4000,10000
17.27,695,36,10000,30000
15.23,700,60,4166.67,12000
14.09,695,36,20833.33,12000
12.12,705,36,3333.33,4000
10.75,705,36,4400,4325
13.11,695,36,4000,15000
10.16,705,36,5083.33,14400
17.51,695,60,4666.67,14000
18.75,695,60,5416.67,18000
10.16,705,36,10250,7000
13.98,700,60,4666.67,12000
11.14,690,36,2700,4500
14.09,690,36,6250,17825
17.27,700,36,5750,27575
13.11,695,36,4416.67,14675
13.99,700,36,3750,20000
11.14,690,36,2183.33,7100
14.65,700,36,5416.67,15000
15.8,690,60,4166.67,20000
15.21,695,60,5382,11975
13.11,700,36,3333.33,10000
13.92,700,36,2500,5000
13.11,700,36,3333.33,14400
16.29,700,36,8333.33,19750
11.71,695,36,4000,10000
16.29,695,36,3250,14675
14.33,700,36,5833.33,11950
12.12,705,36,2641.67,3800
10.65,700,36,3000,9000
9.76,695,36,3333.33,5000
11.86,690,36,3400,7000
13.11,695,36,5416.67,29175
17.27,705,60,10000,35000
15.99,700,60,3750,20000
11.78,705,36,7750,18000
12.12,695,36,2458.33,11500
11.71,705,36,9288.33,5000
10.99,700,36,3200,5000
19.72,695,36,5833.33,28350
15.58,700,60,17500,16000
8.9,700,36,6996.17,6000
11.58,700,36,7083.33,5000
19.74,700,60,6250,30000
14.46,690,60,5916.67,12000
20.3,690,60,7166.67,25200
7.9,705,36,6250,4800
10.99,705,36,2500,8000
12.69,705,36,9583.33,4000
10.99,695,36,5583.33,3000
15.8,690,36,5075,16000
11.78,690,36,2500,7500
12.87,705,36,2000,3600
17.27,705,36,19166.67,32000
11.14,690,36,1280,4575
15.96,705,60,5000,20000
17.77,690,36,6000,7000
12.12,695,36,5833.33,10000
17.58,700,60,4250,20000
14.09,695,36,7750,14300
12.12,690,36,5000,12800
13.11,705,36,14166.67,25000
12.12,700,36,4583.33,18000
12.42,695,36,2500,5000
11.36,705,36,5833.33,12000
23.76,700,60,16666.67,32000
11.14,700,36,2833.33,10000
12.12,695,36,8416.67,5000
13.8,695,60,3500,4000
18.64,700,60,6800,10000
12.12,700,36,5000,10500
21.49,690,60,5666.67,25000
11.86,705,36,13333,10000
17.88,690,60,5632.33,30000
10.37,690,36,3125,3300
14.33,695,36,10000,25000
21,690,36,2858.33,3250
21,705,60,5833.33,31000
13.49,705,36,3000,15000
16.29,705,36,39583.33,35000
7.66,700,36,5100,5650
11.14,705,36,2333.33,5675
19.05,690,60,6666.67,16000
12.12,695,36,4333.33,10000
13.11,690,36,3916.67,12000
12.69,695,36,7083,8000
10.16,705,36,4166.67,10000
11.49,695,36,4700,4000
13.49,690,60,3458,6000
17.27,690,60,3583.33,18825
13.11,690,36,3416.67,12500
13.11,690,36,7375,22400
21,695,60,12500,29175
13.67,695,36,4583.33,8400
11.14,705,60,7083.33,21000
11.14,690,36,4665.83,5000
7.9,705,36,10000,12000
13.11,705,36,2658.83,10450
12.12,695,36,4583.33,11000
13.11,690,36,2796.8,7500
15.27,700,60,4333.33,12000
10.16,700,36,2250,2075
12.12,695,36,4166.67,6000
13.11,700,36,5000,9000
10.74,690,36,3833.33,6400
9.63,705,36,7500,10000
17.27,700,60,9000,35000
15.31,690,36,6666.67,18000
18.39,705,60,7000,20000
11.14,690,36,1666.67,5500
21.98,695,60,9166.67,35000
9.63,695,36,7725,1500
14.33,690,36,3625,10000
8.9,700,36,4700,7000
12.61,695,36,2000,5000
9.25,705,36,4000,10000
11.14,700,36,2160,8875
12.42,690,36,3500,4800
11.99,705,60,6333.33,14000
11.03,695,36,6666.67,10000
20.49,700,36,12333.33,35000
13.98,695,60,2400,6000
13.06,705,36,2571.42,3000
13.11,705,36,1675,5750
10.99,705,36,9150,10000
12.21,695,36,12500,8000
20.25,695,60,12500,30000
14.65,695,36,10353.33,20125
11.36,705,36,13389.15,8000
19.22,690,60,6867.92,18000
12.68,700,60,5000,12000
7.9,705,36,2708.33,6700
11.49,695,36,3500,4500
17.93,690,60,5416.67,25000
14.27,695,36,3833.33,8800
13.11,700,36,8750,10000
16.29,695,36,8541.67,12000
15.8,690,36,5000,20000
11.71,690,36,3333.33,10000
14.09,695,36,5292,8000
12.69,700,36,4583.33,1400
11.14,705,36,3333.33,12700
14.74,695,36,4500,12000
11.49,695,36,4250,1800
18.75,695,60,4000,19000
11.14,700,36,2833.33,11500
13.67,690,36,5000,12100
17.58,705,60,2666.67,16000
12.12,690,36,3333.33,8400
8.9,695,36,6666.67,10000
12.53,695,36,5000,7000
16.29,705,60,7416.67,20000
12.12,690,36,11666.67,9000
11.71,695,36,3083.33,3000
16.29,695,36,4125,16075
12.12,695,36,4750,12800
18.64,695,60,5833.33,25000
15.8,700,60,7750,25000
14.33,690,36,3333.33,7000
14.91,690,60,2708.33,9800
13.11,690,36,4083.33,15000
13.72,705,36,2964.67,19000
13.49,690,36,3333.33,10000
14.09,690,36,3750,17500
12.53,700,36,7158.33,10000
10.37,705,36,3916.67,12000
19.72,695,60,10583.33,18000
12.21,695,36,6250,4800
9.76,705,36,2500,7425
12.12,695,36,6883.33,14000
12.42,705,36,3750,8000
17.51,695,60,5373.33,20000
20.89,695,60,17917,30000
12.69,705,36,3916.67,15000
14.17,690,36,6666.67,15000
14.09,690,36,5416.67,14000
13.67,705,36,7916.67,21000
11.71,695,36,2750,10000
20.49,690,60,5833.33,25000
11.49,700,36,2500,2000
10.16,695,36,4166.67,2575
14.33,700,60,3850,4200
18.3,690,60,5833,20000
12.68,705,60,9750,12000
16.29,690,36,5577.26,24000
13.22,705,36,5458.33,20000
11.49,690,36,9166.67,3500
10.16,690,36,6666.67,15000
16.77,705,60,9250,30000
8.9,735,36,6541.67,20000
12.12,715,36,4583.33,19200
7.9,720,36,2916.67,10000
6.91,715,36,5000,7000
8.9,735,36,9166.67,35000
7.62,725,36,11250,9600
15.65,730,60,5416.67,25000
9.76,730,36,2733.33,10000
16.49,720,60,10416.67,35000
7.9,720,36,5666.67,7200
8.9,715,36,5000,12000
11.14,720,36,4416.67,12725
11.86,715,36,5577,5000
10.38,710,36,3083.33,3000
11.14,725,36,7500,16450
9.99,715,36,2625,6000
10.16,715,36,8000,30000
9.91,730,36,4250,15000
7.9,725,36,5500,5300
8.9,715,36,5500,7500
11.83,735,36,4583.33,17000
7.9,725,36,5416.67,18550
13.06,710,36,5883.33,7450
11.12,725,36,6666.67,16000
11.14,735,36,12500,12000
10.65,720,36,7083.33,15000
6.03,715,36,14583.33,20000
13.11,710,36,8233.33,20000
14.09,710,36,4000,18825
10.99,710,36,7500,8000
10.16,725,36,3333.33,10000
7.66,735,36,9000,5000
8.9,735,36,10416.67,35000
9.76,730,36,4683.33,1400
9.91,725,36,7916.67,25000
9.76,720,36,1100,3000
9.63,735,36,4190,10000
13.11,725,36,2625,8000
7.51,735,36,7500,12000
14.11,725,36,2500,3600
8.9,720,36,7083.33,16000
10.75,715,36,8400,10800
13.98,710,60,3916.67,10000
12.53,715,36,3666.67,17500
15.31,710,60,5258.5,18000
15.27,720,60,2748,15000
8.9,725,36,5000,12000
7.62,730,36,3833.33,1200
11.14,720,36,4333.33,2500
12.69,730,60,6541.67,20800
8.9,730,36,4916.67,20000
7.88,725,36,5708.33,9000
10,715,36,15416.67,6000
7.9,730,36,4541.67,16350
7.9,735,36,4500,14500
13.11,730,36,10416.67,14000
10.65,725,36,3750,24000
12.12,710,36,5000,7500
7.9,720,36,6750,6500
12.12,710,36,4166.67,12000
7.51,730,36,1500,2000
13.11,720,36,1779.17,6250
8.49,715,36,4166.67,10000
12.12,710,36,5000,12000
7.9,725,36,3500,8000
7.49,730,36,8237.5,12500
14.65,720,36,14166.67,35000
7.9,730,36,5000,15000
7.62,730,36,8315.67,6000
6.91,725,36,65000,4500
10.36,715,36,2916.67,5000
12.69,715,36,2083.33,3000
10.74,715,60,3500,12000
13.99,720,60,4166.67,20000
10.36,730,36,1800,1000
9.88,730,36,4500,10000
12.99,715,60,5666.67,15000
9.91,730,36,5500,25000
5.79,730,36,6400,6500
15.31,710,60,8333.33,20000
12.12,710,36,5166.67,12000
11.49,715,60,2944,7200
10.16,710,36,6091.83,8500
7.9,720,36,2298.75,5000
12.12,720,36,3750,20000
15.31,710,36,5000,12300
9.62,710,36,3275,7000
10.16,715,36,3168,4000
13.06,710,60,3678.08,9000
16.49,710,60,6000,20000
10.59,735,36,3833.33,10000
15.31,710,60,5734.08,18000
13.11,735,60,4583.33,25975
10.16,710,36,5000,12000
14.91,715,36,6250,20000
13.99,725,60,4364.58,18000
8.9,720,36,5166.67,4000
10.25,720,36,2400,6250
7.29,735,36,5833.33,10000
8.9,715,36,2083.33,10000
7.9,730,36,5833.33,18000
6.91,730,36,4166.67,10000
8.9,715,36,2870.42,10000
14.09,725,36,1833.33,2350
7.29,730,36,6083.33,10000
15.8,735,60,5458.33,25000
11.14,715,36,2916.67,11500
7.9,715,36,3750,6000
16.29,710,60,3166.67,18225
10.38,735,36,6312,15000
12.12,715,60,7083.33,27000
10.16,725,36,1403.33,4950
10,730,36,6250,21000
9.99,730,60,6400,5000
10.16,730,36,11250,5350
10.16,720,36,5416.67,24000
9.91,730,36,2333.33,13000
7.62,730,36,2512,7550
12.87,720,36,6666.67,25000
14.33,725,36,11208.33,24000
17.27,725,60,6000,24400
7.9,720,36,3166.67,14675
10.99,730,60,5416.67,16800
10.38,730,36,6000,11875
11.71,720,36,4583.33,20000
11.12,715,36,6333.33,7000
7.9,725,36,7500,15000
16,725,36,4700,6700
14.09,735,60,4166.67,16000
7.9,730,36,3162.25,14000
12.21,725,36,6000,20000
11.36,710,36,15416.67,20000
12.12,715,60,9583.33,6000
10,715,36,5000,12000
7.49,730,36,5666.67,8000
10.75,720,36,6000,6000
14.65,725,60,6733.33,20400
11.14,715,36,6250,16100
13.98,720,60,5416.67,25000
14.65,710,36,2791.67,10000
7.9,710,36,8666.67,5000
8.94,720,36,4500,3000
11.49,730,36,3125,5000
7.29,725,36,5416.67,5000
11.71,730,60,4791.67,19000
7.62,720,36,1083.33,6075
7.51,735,36,3500,3000
11.14,720,36,4416.67,10750
16.29,725,60,7055,32000
10.65,720,36,9083.33,15000
6.62,735,36,3583.33,9500
9.76,710,36,8750,14000
14.33,710,36,2916.67,10050
7.9,720,36,1500,4800
10.16,720,36,4750,18200
13.35,710,36,9160,20000
11.83,715,36,4833,9000
18.25,725,60,8083.33,35000
7.51,735,36,6000,1900
13.67,710,36,5166.67,20000
12.12,710,36,8750,12000
8.63,730,36,7500,10000
7.9,730,36,2833.33,11575
6.62,720,36,8161.33,20000
6.91,735,36,9208,20000
13.99,720,60,6083.33,22000
7.66,725,36,6354,10400
15.28,720,60,3000,15875
12.12,730,60,8333.33,18000
8.9,710,36,5000,8000
7.9,735,36,4166.67,3600
11.49,725,60,4166.67,12800
7.9,725,36,5166.67,8000
9.99,710,36,2333.33,3000
7.9,725,36,12500,7000
7.9,720,36,4416.67,6000
10.62,720,36,5000,12000
11.83,725,36,4810.08,16500
8.9,715,36,4000,14675
11.14,710,36,3200,5000
19.72,710,60,8333.33,23750
17.27,710,60,3583.33,16950
11.14,715,36,4333.33,3000
7.49,715,36,5833.33,6000
6.99,735,36,5833.33,11600
13.99,715,60,4166.67,12000
11.26,720,36,7666.67,13000
17.27,725,36,5833.33,8000
7.9,720,36,1916.67,6250
10.74,720,36,2166.67,13000
9.91,730,36,3333.33,17475
12.69,720,60,22916.67,25000
10.65,720,36,4000,7800
7.9,710,36,7083.33,25000
12.99,710,60,9166.67,12000
16.29,710,60,5083.33,16000
10.16,730,36,3400,2200
10.25,730,36,8333.33,14000
9.91,730,36,4750,11425
8.49,730,36,6333.33,5425
13.99,725,60,3500,16400
9.76,710,36,5416.67,10000
13.85,720,36,6620,5525
11.48,715,36,3833.33,4000
13.11,735,36,5000,13000
11.14,725,36,2500,10000
14.91,720,60,4407,15000
7.49,730,36,2900,6250
9.91,725,36,3333.33,18000
14.09,710,36,4583.33,20000
13.99,730,60,3750,21850
11.71,720,36,10416.67,20000
10.36,720,36,8533.33,25000
10.99,720,36,12083.33,12000
19.05,735,36,13750,35000
12.12,715,36,2250,13475
6.54,725,36,7500,9500
14.27,735,60,4833.33,27000
13.67,730,60,7500,10800
7.62,725,36,4333.33,3500
12.53,725,36,18750,24250
14.33,715,60,5000,19000
16.29,735,60,13666.67,30000
6.54,730,36,6916.67,10000
7.9,720,36,7500,6000
7.62,735,36,7666.67,11000
8.9,730,36,7083.33,20000
11.83,730,36,5417,8000
14.33,710,36,4333.33,20675
10.59,720,36,9000,21600
7.9,710,36,10416.67,6000
7.62,720,36,4333.33,8500
15.23,730,60,8917,25000
13.99,710,60,3083,5000
6.62,730,36,3000,5375
11.71,725,36,7250,16500
13.11,710,36,6250,24175
7.9,720,36,3583.33,2800
10.16,710,36,2946.67,7125
12.12,710,36,4166.67,10000
12.69,725,60,10000,24000
13.48,710,36,3800,5000
12.69,710,36,4583.33,24000
7.66,725,36,3600,4000
8.63,730,36,2600,5000
10.74,720,36,2083.33,8400
12.12,720,36,3166.67,15000
13.23,735,60,3500,17500
10,735,60,4000,5000
8.9,715,36,2583.33,10300
8.9,725,36,5750,16000
6.62,735,36,13166.67,10000
14.65,730,60,4583.33,15000
10.16,710,36,8054.5,12000
11.71,720,36,5500,10000
13.11,710,36,4958.33,10000
12.41,720,36,3750,16750
10.25,730,36,5916.67,10000
9.91,720,36,7916.67,21200
11.14,735,60,6250,24925
18.49,715,60,7666.67,25000
12.18,715,36,5292,17000
8.9,715,36,3000,5000
13.23,730,60,5683,12000
18.64,720,60,5833.33,30000
10.16,710,36,4285.5,10000
10.16,715,36,5850,18775
13.99,720,60,4416.67,25450
7.9,720,36,5000,9975
10.59,710,36,8333.33,10000
9.76,725,36,3833.33,19000
11.89,720,36,1750,6500
9.2,730,36,13750,10000
8.9,725,36,3333.33,17325
18.49,720,60,8606.56,25000
10.65,720,36,3200,14000
13.49,720,60,2500,10000
13.98,715,60,3145.83,14000
12.12,715,36,3583.33,19200
17.99,715,60,14000,35000
11.99,720,60,4166.67,12000
12.12,710,36,10416.67,12000
10.16,710,36,5925,18000
7.9,715,36,2100,6000
7.9,725,36,3333.33,10625
13.11,715,36,4833.33,25800
11.58,715,36,3333.33,12000
12.12,710,36,3816.67,10000
11.83,720,36,10250,12000
7.9,710,36,7247,3500
17.58,725,60,7110.42,10400
14.33,720,60,5000,18800
19.99,710,60,4416.67,3000
7.88,730,36,5500,6000
7.9,730,36,6666.67,10000
13.11,710,36,3166.67,14675
12.69,735,60,4500,20000
14.27,710,60,5333.33,21000
11.49,725,36,25000,25000
16.49,710,60,5000,20000
7.91,730,36,3166.67,5600
8.9,715,36,12500,6000
14.09,710,36,4583.33,24375
12.12,715,36,6500,25225
17.77,710,36,8333.33,30225
15.65,735,60,6308.75,35000
9.76,725,36,2375,7575
15.81,725,60,10000,24000
7.9,730,36,7258.33,20000
10.59,730,36,5150,15000
10.16,715,36,11000,4325
10.16,720,36,6250,12000
12.12,715,36,5791.67,24000
7.9,725,36,4166.67,5000
7.9,725,36,5500,5000
12.12,715,36,3916.67,22000
7.62,735,36,7416.67,10000
7.9,715,36,6000,7000
14.65,710,36,4000,15775
9.91,710,36,4166.67,3000
6.62,730,36,6166.67,2500
8.9,730,36,12500,9000
10.16,710,36,8333.33,7550
11.26,730,36,4333.33,12500
13.11,720,36,7238.92,20000
14.61,730,36,3000,15000
8.9,730,36,10500,18000
12.99,725,60,3167,14675
11.14,720,36,1833.33,1750
7.9,720,36,5416.67,5875
9.62,730,60,6666.67,12000
12.12,720,36,13933.33,35000
5.79,735,36,2800,4800
13.06,735,36,11500,25000
8.9,720,36,10000,13600
13.11,725,60,3750,11575
7.62,735,36,2500,5000
7.9,720,36,6250,7000
14.5,715,36,6916.67,20000
6.92,735,36,4583.33,7000
7.9,725,36,7750,6000
7.66,735,36,21666.67,14000
7.29,720,36,11667,12000
7.49,715,36,2462.75,6000
8.9,730,36,3000,2000
13.11,715,36,7916.67,6950
7.88,725,36,5833.33,5000
12.61,725,60,5166.67,12800
12.42,730,36,27083.33,28000
21,710,60,8666.67,30000
10.65,720,36,5833.33,12000
11.11,720,60,1820,7500
10.38,725,36,10533.33,13000
6.62,710,36,10833.33,20800
12.12,715,36,6250,16000
7.9,720,36,3320.83,11700
8.9,715,36,7083.33,2200
7.49,735,36,3166.67,10000
8.9,720,36,3416.67,5375
16.77,730,60,4416.67,26000
14.42,720,36,5833.33,18000
7.9,730,36,5416.67,12000
11.71,725,60,4000,12000
10.16,725,36,4000,19125
7.9,725,36,9166.67,8975
12.12,710,36,3941,18550
7.62,735,36,10416.67,4200
11.89,715,36,5000,15000
6.54,725,36,3333.33,1775
12.69,730,60,6250,14400
8.49,735,36,5416.67,16000
12.12,725,36,2833.33,11325
10.74,715,36,3200,13000
9.33,715,36,15000,5000
7.51,735,36,6400,6400
8.9,715,36,2583.33,2500
9.76,730,36,2500,14600
7.51,735,36,3750,12300
10.74,715,36,1100,1000
10.16,710,36,2333.33,6000
17.77,710,36,10192,30000
16.29,720,60,6250,20700
12.12,730,60,7583.33,18000
17.77,725,36,3291.67,8000
7.88,735,36,2000,1750
17.27,710,60,3916.67,20675
7.9,730,36,6666.67,5000
7.91,720,36,8500,11200
14.33,720,60,7083.33,20000
11.99,725,60,4167,5000
11.48,735,36,3833.33,8000
7.9,735,36,3083.33,17000
12.12,710,36,11166.67,12000
7.62,730,36,8333.33,7200
17.27,710,60,6737.5,19750
14.91,725,60,3476.8,21000
7.49,725,36,1482.92,2650
7.14,730,36,4916.67,3000
10.25,720,36,9166.67,15000
7.9,720,36,3333.33,5000
11.14,715,36,6650,20000
7.88,710,36,3750,4800
6.62,730,36,3416.67,7300
7.9,730,36,3000,8450
11.71,725,36,7167.92,2200
11.86,730,60,6166.67,15000
6.91,715,36,1500,3600
7.62,730,36,14166.67,28000
13.67,710,36,10700,21000
18.25,720,60,4416.67,26500
8.9,735,36,17500,20000
11.99,725,36,7000,23000
7.88,715,36,6000,1000
14.09,720,36,2666.67,10750
7.9,720,36,7000,7275
11.86,730,36,5250,25000
6.62,730,36,12500,12000
13.67,710,36,5000,4200
13.98,720,60,10833.33,25000
11.48,715,36,3750,9000
16.02,710,60,7388.42,15800
8.88,725,36,6041.67,22000
8.9,720,36,5416.67,7000
10.65,710,36,2833.33,10000
11.99,715,60,7291.67,13075
7.9,710,36,2916.67,7000
10.74,725,60,8000,9600
6.91,715,36,5166.67,1500
7.9,710,36,9125,16750
13.99,715,60,4166.67,12000
10.99,725,36,7333.33,5000
18.55,715,60,6500,27000
13.11,720,60,4853.33,20000
10.16,710,36,4166.67,10000
8.49,715,36,6666.67,10000
14.33,710,36,5416.67,25000
7.9,720,36,6333.33,4800
14.33,725,60,3333.33,16475
7.9,725,36,3750,8000
7.9,725,36,2883.33,6000
10.74,720,36,3750,10000
8.9,715,36,4154.17,12500
7.62,725,36,1750,5000
7.62,730,36,11250,28000
10.38,715,36,4200,5000
11.71,710,36,5800,10000
7.9,725,36,6500,9600
12.69,730,36,1600,4000
7.29,725,36,2208.33,1900
12.69,730,60,4500,15000
7.88,735,36,3090.5,7300
11.14,715,36,4000,11100
12.12,715,36,8750,24000
11.14,715,36,5100,18000
7.9,720,36,3458.33,3000
7.9,710,36,1300,1200
16.29,715,60,4628,21850
14.27,720,60,3302,13000
10.38,720,36,2800,8000
10.65,735,36,18750,35000
17.49,710,60,4166.67,13800
10.99,735,36,7000,8000
12.23,730,60,5833.33,24250
6.91,715,36,3000,7000
14.33,715,60,8333.33,21000
10.74,720,36,3458.33,9600
7.9,710,36,2750,6900
7.9,725,36,5833.33,12000
10.38,720,36,2300,6000
12.23,715,60,5833.33,16500
6.62,710,36,9583.33,7500
10.74,710,36,5416.67,10000
6.91,710,36,5200,12000
7.49,715,36,3691.67,4325
10.16,710,36,2916.67,12000
8.9,710,36,7500,6575
10.16,710,36,5166.67,9000
8.88,710,36,5250,4500
10.59,710,36,2666.67,4800
10.16,710,36,5166.67,6000
13.61,715,60,7750,24000
13.11,720,36,10666.67,17000
11.14,715,36,4389.92,9600
11.86,735,60,4166.67,20000
11.14,735,60,9166.67,20000
7.9,735,36,10400,20000
11.49,720,60,3333.33,12800
7.51,735,36,7166.67,12000
7.49,715,36,2100,6000
6.62,735,36,3500,12375
16.29,720,60,6666.67,30000
17.49,725,60,16133.33,35000
12.42,730,60,12083.33,35000
8.9,725,36,4166.67,3000
11.12,710,36,4000,7350
10.74,720,36,5000,10000
11.14,715,36,12083.33,10000
12.87,715,36,8333.33,10000
7.49,730,36,2416.67,9200
7.49,720,36,2100,8250
7.49,710,36,1666.67,1200
13.11,720,60,3333.33,11200
6.03,735,36,7916.67,18000
11.71,720,36,2166.67,5375
13.23,730,36,6666.67,19800
20.49,715,60,18750,35000
6.54,725,36,3250,4500
7.9,725,36,8666.67,20000
13.49,730,60,3200,15350
7.49,720,36,2700,4500
7.9,725,36,2583.33,15000
7.9,710,36,4300,7200
6.62,735,36,2000,3600
10.99,735,60,3416.67,12000
11.14,720,36,6666.67,12000
17.27,730,60,5416.67,33600
8.59,735,36,3250,5600
8.49,720,36,3000,5000
10.75,710,36,1750,4800
18.75,710,60,5250,24925
9.63,730,36,9166.67,5000
13.23,735,60,6666.67,25000
8.9,735,36,5000,9500
9.76,725,36,2916.67,10000
11.89,735,36,2917,6000
11.99,720,60,4583.33,14000
16.29,720,36,6666.67,3625
11.89,725,36,7250,6000
12.42,715,36,2000,4400
14.27,715,36,9166.67,30000
14.26,720,36,2240,4900
11.99,710,36,10408,14400
8.9,720,36,4416.67,8000
8.49,730,36,6706.41,5000
11.49,720,36,2666.67,4000
13.49,725,36,5000,7200
7.91,725,36,3500,12000
7.9,725,36,2333.33,7200
14.96,730,60,2500,20500
18.25,725,60,5666.67,35000
7.74,735,36,5666.67,3600
11.49,715,36,7500,20000
9.91,710,36,5000,10000
7.9,725,36,7083.33,8000
6.03,725,36,13000,12000
16.29,710,36,7083.33,28000
13.67,710,36,6250,15575
12.12,710,36,6666.67,10500
12.69,710,36,6166.67,20000
6.92,725,36,3333.33,5000
11.14,710,36,4333.33,8000
20.49,710,60,8416.67,28000
8.9,735,36,9583.33,15000
10.59,730,36,8333.33,10000
7.88,720,36,4985,3700
14.79,710,60,3000,9500
8.9,725,36,4666.67,16200
18.49,715,60,6000,25875
14.79,710,60,6166.67,14000
17.27,710,60,4166.67,21850
11.14,720,36,3916.67,10000
14.09,710,36,19583.33,20000
7.9,720,36,3333.33,1000
7.9,735,36,2666.67,15000
7.29,730,36,2333.33,9800
7.29,715,36,6333,3500
8.9,730,36,25000,17500
11.71,725,36,5416.67,20000
7.51,720,36,7075.5,4500
11.71,710,36,4500,10000
7.62,720,36,3983.33,8475
10.08,710,36,5166.67,6400
10.37,740,60,4333.33,14000
9.99,760,60,3750,5200
8.59,765,36,4167,3000
7.9,760,36,3958.33,14500
7.9,780,36,5583.33,8000
7.62,830,36,3750,20125
7.49,785,60,4600,5450
10.38,750,60,3750,8800
8.59,755,36,4583.33,1000
6.76,790,36,2666.67,4500
7.62,760,36,5833.33,3225
8.9,810,36,3041.67,4200
7.51,750,36,4800,6000
7.62,765,36,6000,16000
6.62,750,36,10000,7000
5.99,765,36,10000,4500
6.62,740,36,5250,12000
7.62,765,36,3500,8000
7.9,775,36,18333.33,35000
6.03,815,36,9583.33,9000
6.17,745,36,4234,4000
6.03,765,36,6000,14000
8.49,760,60,9000,14000
6.62,805,36,10000,34500
5.79,745,36,12500,10000
9.88,740,36,4500,3200
6.92,745,36,3000,8400
7.9,740,36,4500,15000
10.38,750,60,3000,7200
7.9,800,60,4000,4000
11.14,740,36,8333.33,5300
6.03,745,36,6100,8500
8.59,740,36,5000,6200
13.11,745,60,8333.33,19200
6.17,745,36,5733.58,2000
10.59,755,60,4000,18000
11.48,790,36,11666.67,20800
8,750,36,7583.33,7000
8.94,750,36,4750,12000
7.9,755,36,4625,20000
11.14,760,36,7916.67,15200
6.03,750,36,6250,9600
12.84,750,36,3500,20000
6.99,760,36,3333.33,3300
7.74,750,36,5166.67,5000
6.62,750,36,5750,13250
8.59,790,36,10167,10000
10.75,740,36,8416.67,20000
8.94,760,36,4200,11000
5.99,750,36,3000,8400
10.99,800,36,7083.33,7500
9.62,805,60,7695.08,24000
6.62,780,36,3000,8000
6.03,750,36,2916.67,4000
11.71,745,60,5416.67,20000
6.62,775,36,NA,12000
8.9,750,36,4166.67,17600
6.62,800,36,16083.33,16800
10.38,755,60,2738.67,6500
7.9,790,36,12083.33,35000
9.91,750,36,3166.67,5000
7.9,770,36,12083.33,35000
7.9,795,36,6250,17000
14.33,740,60,1500,4750
6.03,785,36,12083.33,5000
11.99,755,60,3583.33,12000
10.38,755,60,5000,9500
5.79,780,60,4166.67,12000
5.42,785,36,7466.83,4800
5.99,790,36,5000,5075
13.49,760,60,15583.33,35000
7.9,740,36,7083.33,16000
7.43,800,36,NA,5000
6.62,740,36,5208.33,10000
5.42,770,36,3750,4075
10.75,755,60,3584.62,14500
6.03,790,36,3416.67,7200
6.62,780,36,5000,5000
11.71,775,60,2750,16500
6.03,755,36,2940.25,10000
6.62,NA,36,5833.33,5600
5.79,760,36,4666.67,4000
6.91,760,60,4583.33,23000
9.63,780,60,5000,16000
13.11,740,60,4833.33,28625
9.76,780,60,7083.33,7500
9.99,745,60,1958.33,15000
11.14,760,36,6333.33,17000
10.74,745,60,5000,7350
10.25,775,36,4841.67,10000
7.14,760,36,3807.64,7000
6.03,750,36,2583.33,4225
6.76,755,36,4750,2500
6.03,750,36,7083.33,6000
9.32,775,36,2083.33,5000
7.62,740,36,2916.67,5000
6.62,740,36,3333.33,9000
11.89,740,36,5050,20000
9.76,740,36,5416.67,17000
6.17,770,60,1667,5000
10.16,760,36,9220,35000
6.99,750,36,2250,1700
7.51,790,36,4833,8800
12.18,740,36,8910.42,24250
7.88,780,36,10417,15000
7.9,800,36,7000,28000
8.9,750,60,3750,7200
5.42,790,36,6333.33,4800
6.03,740,36,6666.67,12300
7.51,755,36,4250,24000
9.63,785,36,3500,13000
14.33,760,36,4166.67,12000
6.54,795,60,5000,20000
6.03,745,36,7500,14000
6.17,745,36,1600,2000
7.74,785,36,1500,6500
11.09,745,36,18333.33,21000
6.03,780,36,7333.33,16000
7.62,775,36,5666.67,12000
6.17,770,36,8083.33,20000
10.59,745,60,3958,2500
15.31,745,60,5666.67,25000
13.11,745,36,5833.33,26500
12.18,745,36,1125,8000
9.63,790,36,4250,8000
10.08,755,36,7916.67,25000
10.25,750,36,7083.33,20000
6.03,780,36,4766.67,7750
10.36,765,60,3333.33,25000
6.62,790,36,9833.33,12000
11.12,775,60,5686.67,24000
6.99,745,36,3750,5000
7.29,740,36,6048,9600
11.49,780,60,3333.33,25000
7.9,810,36,13416.67,30000
7.9,765,36,2300,7000
10.62,760,36,2416.67,20000
6.62,765,36,4166.67,9000
6.03,750,36,5000,9000
6.62,770,36,12500,14400
6.62,740,36,5833.33,12000
10.38,780,60,3791.67,12000
8.9,745,36,1558.33,3600
7.51,785,36,10416.67,30000
6.62,740,36,4166.67,8500
7.9,745,36,13100,14400
7.14,765,36,3750,8000
6.03,770,36,6583.33,4000
5.42,780,36,7500,10000
9.32,780,36,4166.67,12500
7.14,750,36,3916.67,5500
7.9,770,36,2916.67,15000
8.07,760,36,5100,7200
7.66,740,36,5416.67,12000
8.9,760,36,2833.33,4750
13.11,740,60,2500,8800
5.79,765,36,6700,12000
11.71,755,60,6250,25000
8.32,750,36,6666.67,10000
7.62,765,36,7500,3500
10.16,765,36,9583.33,30000
13.43,745,60,5000,16000
15.23,760,60,10000,35000
12.18,740,36,5000,24250
6.03,790,36,12916.67,16000
11.12,750,60,8500,17000
7.75,760,36,666.67,5400
7.9,755,36,6916.67,19725
6.62,760,36,4333.33,9600
7.88,790,60,19583,20000
12.12,790,60,8750,32400
7.88,745,36,4738.67,12300
5.42,785,36,2583.33,7500
7.88,785,36,11666.67,24000
5.99,765,36,6666.67,9800
11.99,745,60,4666.67,17000
7.9,760,36,3416.67,4700
6.03,780,36,3500,9100
7.9,760,36,4583.33,16500
11.89,745,36,6000,18000
5.99,760,36,7250,8000
12.12,750,60,5833.33,30000
7.51,805,36,3208.33,6500
11.14,795,60,3250,10000
6.62,765,36,4416.67,12000
6.03,765,36,3125,5000
9.99,750,36,4583.33,14000
8.9,765,36,2750,10750
12.99,740,60,8333.33,24000
5.99,740,36,2500,3300
16.89,745,60,5416.67,35000
8.9,755,60,8333.33,18000
5.79,765,36,8000,12000
11.99,755,36,8750,12100
5.99,770,36,2666.67,4900
7.88,760,36,3333.33,12000
6.76,755,36,3350,4000
9.07,750,36,5000,7500
6.62,790,36,10333.33,20000
10.74,740,36,8300,35000
7.9,750,36,15000,20000
7.51,765,36,2430,8000
13.67,745,60,6666.67,20950
10.16,755,60,3500,9000
11.48,745,36,4166.67,20000
6.62,760,36,4166.67,10000
7.14,755,36,2916.67,7500
6.62,750,36,6300,8500
7.9,770,36,6500,31050
7.9,740,36,2500,13250
10,745,36,2375,7000
6.03,755,36,4944.92,12500
13.11,775,36,5000,25000
10.65,745,60,5200,20000
7.9,750,36,10400,20000
7.4,770,36,3352,7000
10.75,755,60,8500,9250
6.03,760,36,7500,12000
5.99,765,36,3644.83,4500
6.62,755,36,10833.33,10000
11.14,775,36,4548.83,19000
7.62,750,36,6750,25000
8.59,760,36,3583.33,9800
8,765,36,5000,6000
6.62,760,36,4853.33,10500
7.9,810,36,5416.67,17500
5.79,750,36,5520,5000
5.42,800,36,4250,6000
7.49,745,36,18750,5000
10.2,800,36,4583.33,3000
10.59,765,36,22916.67,30000
9.76,785,60,5416.67,26500
6.03,800,36,7917,4000
6.03,750,36,6250,6600
7.74,775,36,7083.33,10000
8.9,785,36,3000,5400
5.79,770,36,5833.33,8000
6.92,780,36,7083.33,7200
13.16,755,36,2583.33,15000
6.76,760,36,6875,2575
6.03,780,36,8333.33,10000
6.03,760,36,3200,8400
9.32,755,36,3300,8250
10.62,750,36,11166.67,25000
6.62,755,36,6750,9000
8.9,740,36,6000,6500
5.42,750,36,2833.33,5000
7.62,785,36,9333.33,1000
10.37,750,36,5250,15000
7.4,780,36,6000,5000
10.25,760,36,7833.33,20000
15.58,785,60,5666.67,25000
11.49,765,60,5623.33,10000
9.63,745,36,6250,12000
7.29,765,36,5133.33,4200
7.51,765,36,10916,6000
10.75,785,60,5761,15000
7.68,790,36,3417,4000
8.9,795,60,9866,12000
6.03,760,36,2750,7000
6.03,750,36,2500,10050
5.42,800,36,10000,14500
6.62,750,36,11250,13600
12.84,760,36,8666.67,25000
8,790,36,11250,10800
7.49,740,36,5580,23400
7.9,745,36,4500,10375
15.31,745,36,1666.67,1625
9.25,760,60,4833.33,8400
12.12,755,60,5250,31500
6.03,780,36,6250,6000
6.03,775,36,6666.67,6000
5.79,745,36,5416.67,3000
7.9,750,36,4333.33,20000
7.9,745,36,3333.33,3825
7.9,770,36,5500,2200
7.75,765,36,4158,7000
7.9,755,36,3166.67,8000
6.62,745,36,7083.33,12000
10.99,750,60,5666.67,18000
7.62,775,36,5333.33,21000
8,795,36,3750,7500
6.99,740,36,3583.33,3800
5.79,750,36,3958.33,2700
6.62,805,36,4166.67,6000
13.49,740,60,13333.33,18000
7.9,755,36,5000,20000
6.03,750,36,4166.67,3000
10.99,740,60,6517,13000
6.03,815,36,3500,8000
12.53,780,36,5200,20000
6.62,765,36,3750,10000
8.32,740,36,3333,6500
6.62,760,36,5000,6000
7.9,790,60,6666.67,12000
9.88,755,36,3333.33,12000
7.66,745,36,4583.33,11700
7.14,760,36,4500,6000
10.36,755,60,7916.67,25000
7.62,810,36,25000,23000
7.88,765,60,1600,4800
7.9,820,36,2916.67,7500
11.83,810,36,12500,24500
8.94,775,36,10000,17000
6.03,815,36,5416.67,16500
7.74,775,36,10000,7500
7.88,755,36,10000,15000
11.14,745,36,8333.33,15800
7.62,760,36,6833.33,24000
7.9,775,60,5833.33,12700
7.9,740,36,6250,13600
8.9,740,36,6666.67,30000
10.95,750,36,6666.67,15000
7.49,755,36,4250,18000
7.62,770,36,10833.33,20000
14.09,750,60,7236.67,15000
10,805,60,2333.33,10000
10.83,745,36,7500,7500
7.49,800,36,2500,3000
7.51,755,36,4333.33,5000
11.99,740,60,4500,20000
11.49,750,60,10000,9000
6.03,755,36,4250,8000
7.49,740,36,5416.67,12000
6.03,780,36,2740.5,11875
6.54,755,36,9583.33,24000
6.62,745,36,3666.67,8000
7.62,805,36,102750,33000
6.99,810,36,9083.33,15000
14.09,740,60,5416.67,20375
6.03,805,36,12750,16000
5.42,775,36,3664.25,4600
6.99,790,36,5833.33,8000
14.33,740,60,5000,19050
6.03,760,36,5208.33,5800
9.63,750,36,3000,12000
7.88,745,36,3778.67,16750
7.9,755,36,5208.33,22500
8.49,780,60,4425.17,12000
13.11,740,60,7250,25000
10.74,760,60,4166.67,17000
6.62,745,36,4250,14000
7.62,745,36,2083.33,3250
6.03,785,36,2083.33,5000
7.9,780,36,15000,21700
7.51,760,36,4300,10000
6.03,775,36,8333.33,9000
13.11,750,60,7083.33,18000
6.62,755,36,6250,15000
6.62,815,36,7291.67,4800
8.88,795,60,4000,12000
14.33,750,36,2916.67,4000
8.49,745,36,4500,12000
6.92,755,36,7083.33,5000
9.32,745,36,5000,7000
7.49,755,36,5416.67,4000
5.42,780,36,3936,8000
10.25,750,36,10000,20000
10.59,740,36,8750,15000
12.21,750,36,5833.33,20800
7.49,740,36,2500,3600
7.4,805,36,4158,2800
6.03,790,36,6750,12375
6.03,770,36,14166.67,9000
6.03,780,36,3666.67,6000
13.11,755,60,20416.67,30000
7.9,750,36,10166.67,24000
10,745,60,11333.33,14000
7.9,795,36,7300,8000
10.65,745,60,15000,29000
6.03,805,36,2333.33,5400
6.03,770,36,3033,5000
7.49,750,36,6280,7000
13.49,775,60,1375,8450
5.42,795,36,8000,10000
7.62,740,36,3750,5000
6.03,785,36,3416.67,12000
9.99,800,60,10500,13000
17.27,755,36,3583.33,4750
12.42,745,60,3225.23,19425
9.99,765,60,8083.33,24000
8.9,775,36,8750,35000
7.9,815,60,10666.67,16800
7.51,755,36,3000,7200
5.79,750,36,3083.33,1125
13.11,795,60,4806,28000
6.03,795,36,5416.67,5000
13.11,740,60,20833.33,35000
7.49,740,36,2583,5600
5.99,765,36,4000,4400
11.71,745,60,7500,35000
7.68,785,36,3666.67,2500
7.14,755,36,4166.67,5000
8.9,740,36,7500,15000
8.49,795,36,2166.67,4500
7.51,740,36,833.33,1450
14.96,760,36,7083.33,6000
6.62,750,36,4583.33,14000
6.03,800,36,12000,15000
10.99,760,60,5243.75,22000
8.94,785,36,3125,10000
7.62,765,36,4333.33,2000
6.03,765,36,7500,3000
11.11,765,60,2958.33,16000
10.62,745,60,5200,5000
9.63,755,36,5479,8800
5.99,780,36,2600,4350
10.75,795,60,8750,10000
7.51,750,36,1666.67,5000
7.9,760,36,1945,5300
11.89,745,36,5416.67,9250
10.75,775,60,7500,19000
6.03,750,36,5833.33,2000
9.63,760,36,9083.33,14000
9.07,740,36,2667,6600
6.03,795,36,4166.67,15675
7.9,765,36,9166.67,29000
8.94,740,36,4166.67,5000
6.03,770,36,8733.33,14000
12.42,745,60,4166.67,19600
5.79,750,36,6089.44,4200
12.68,785,60,7083.33,35000
7.9,745,36,5416.67,15000
8.59,810,36,7583.33,7900
7.68,780,36,5417,6000
6.62,750,36,9666.67,12000
6.99,780,36,2500,10000
6.62,805,36,9166.67,32550
7.62,805,36,2500,7125
10.37,785,60,5833.33,14000
7.51,765,36,3000,4500
7.29,740,36,6250,12000
11.83,755,36,12000,24250
6.03,775,36,13750,10000
7.88,800,60,4750,9000
14.09,750,60,6666.67,31825
8.94,815,36,2833.33,12800
13.99,745,60,4167,20000
6.99,775,36,5166.67,7000
6.03,790,36,5836.67,11000
10.99,740,36,12500,24000
5.79,760,36,5416.67,5000
13.49,745,60,4166.67,25000
9.88,750,36,3338,16750
6.62,750,36,11666.67,13000
8.9,740,36,5641.67,11400
7.9,765,36,7500,25000
10.16,780,60,5900,28200
6.03,755,36,3100,12000
10.74,755,60,6125,20000
7.9,770,36,5166.67,19000
6.03,760,36,5000,10000
6.62,810,36,9250,27000
10.75,765,36,7083.33,25000
14.09,740,60,8903.25,16000
